-- MySQL dump 10.13  Distrib 5.7.36, for Win64 (x86_64)
--
-- Host: 127.0.0.1    Database: classroom
-- ------------------------------------------------------
-- Server version	5.7.36-log

/*!40101 SET @OLD_CHARACTER_SET_CLIENT=@@CHARACTER_SET_CLIENT */;
/*!40101 SET @OLD_CHARACTER_SET_RESULTS=@@CHARACTER_SET_RESULTS */;
/*!40101 SET @OLD_COLLATION_CONNECTION=@@COLLATION_CONNECTION */;
/*!40101 SET NAMES utf8 */;
/*!40103 SET @OLD_TIME_ZONE=@@TIME_ZONE */;
/*!40103 SET TIME_ZONE='+00:00' */;
/*!40014 SET @OLD_UNIQUE_CHECKS=@@UNIQUE_CHECKS, UNIQUE_CHECKS=0 */;
/*!40014 SET @OLD_FOREIGN_KEY_CHECKS=@@FOREIGN_KEY_CHECKS, FOREIGN_KEY_CHECKS=0 */;
/*!40101 SET @OLD_SQL_MODE=@@SQL_MODE, SQL_MODE='NO_AUTO_VALUE_ON_ZERO' */;
/*!40111 SET @OLD_SQL_NOTES=@@SQL_NOTES, SQL_NOTES=0 */;

--
-- Table structure for table `classroom`
--

DROP TABLE IF EXISTS `classroom`;
/*!40101 SET @saved_cs_client     = @@character_set_client */;
/*!40101 SET character_set_client = utf8 */;
CREATE TABLE `classroom` (
  `id` bigint(20) NOT NULL AUTO_INCREMENT,
  `room_number` varchar(50) CHARACTER SET utf8mb4 NOT NULL,
  `building` varchar(50) CHARACTER SET utf8mb4 NOT NULL,
  `seat_rows` int(11) DEFAULT NULL,
  `seat_cols` int(11) DEFAULT NULL,
  `status` varchar(50) CHARACTER SET utf8mb4 NOT NULL DEFAULT 'ENABLED',
  `remark` varchar(255) CHARACTER SET utf8mb4 DEFAULT NULL,
  `create_time` datetime NOT NULL DEFAULT CURRENT_TIMESTAMP,
  `update_time` datetime NOT NULL DEFAULT CURRENT_TIMESTAMP ON UPDATE CURRENT_TIMESTAMP,
  PRIMARY KEY (`id`),
  UNIQUE KEY `uk_building_roomnumber` (`building`,`room_number`) COMMENT '同一建筑下教室编号不许相同'
) ENGINE=InnoDB AUTO_INCREMENT=11 DEFAULT CHARSET=utf8mb4 COLLATE=utf8mb4_unicode_ci;
/*!40101 SET character_set_client = @saved_cs_client */;

--
-- Dumping data for table `classroom`
--

LOCK TABLES `classroom` WRITE;
/*!40000 ALTER TABLE `classroom` DISABLE KEYS */;
INSERT INTO `classroom` VALUES (4,'222','数智楼',11,5,'ENABLED','','2026-03-19 22:30:02','2026-04-23 21:51:19'),(5,'123','数智楼',8,6,'ENABLED',NULL,'2026-03-20 12:44:59','2026-04-23 12:29:11'),(6,'431','数智楼',3,3,'ENABLED',NULL,'2026-03-20 12:44:59','2026-04-22 21:27:46'),(7,'233','数智楼',4,8,'ENABLED','','2026-04-22 21:32:20','2026-04-22 21:32:20'),(8,'111','电信楼',6,8,'ENABLED','','2026-04-23 10:17:18','2026-04-23 10:17:18'),(9,'112','电信楼',6,8,'ENABLED','','2026-04-23 10:17:24','2026-04-23 10:17:24'),(10,'111','数智楼',8,6,'ENABLED','','2026-04-23 10:19:49','2026-04-23 10:19:49');
/*!40000 ALTER TABLE `classroom` ENABLE KEYS */;
UNLOCK TABLES;

--
-- Table structure for table `notification`
--

DROP TABLE IF EXISTS `notification`;
/*!40101 SET @saved_cs_client     = @@character_set_client */;
/*!40101 SET character_set_client = utf8 */;
CREATE TABLE `notification` (
  `id` bigint(20) NOT NULL AUTO_INCREMENT,
  `user_id` bigint(20) NOT NULL,
  `type` varchar(64) CHARACTER SET utf8mb4 NOT NULL,
  `title` varchar(128) CHARACTER SET utf8mb4 NOT NULL,
  `content` varchar(255) CHARACTER SET utf8mb4 NOT NULL,
  `is_read` tinyint(4) NOT NULL DEFAULT '0',
  `create_time` datetime NOT NULL DEFAULT CURRENT_TIMESTAMP,
  PRIMARY KEY (`id`),
  KEY `idx_notification_user_time` (`user_id`,`create_time`),
  KEY `idx_notification_user_read` (`user_id`,`is_read`)
) ENGINE=InnoDB AUTO_INCREMENT=22 DEFAULT CHARSET=utf8mb4 COLLATE=utf8mb4_unicode_ci;
/*!40101 SET character_set_client = @saved_cs_client */;

--
-- Dumping data for table `notification`
--

LOCK TABLES `notification` WRITE;
/*!40000 ALTER TABLE `notification` DISABLE KEYS */;
INSERT INTO `notification` VALUES (1,10007,'USER_STATUS','账号已被封禁','您的账号已被管理员封禁，当前无法继续登录和发起新的预约。 原因：开挂',1,'2026-04-23 20:43:15'),(2,10007,'USER_STATUS','账号已恢复使用','您的账号已被管理员恢复，可继续正常登录和使用预约功能。',1,'2026-04-23 20:44:00'),(3,10007,'RESERVATION_CANCELLED','预约已被管理员取消','您的预约已被管理员取消，请重新选择时间或联系管理员。',1,'2026-04-23 20:46:39'),(4,10007,'USER_STATUS','账号已被封禁','您的账号已被管理员封禁，当前无法继续登录和发起新的预约。\n原因：滚',1,'2026-04-23 21:07:49'),(5,10007,'USER_STATUS','账号已恢复使用','您的账号已被管理员恢复，可继续正常登录和使用预约功能。',1,'2026-04-23 21:08:27'),(6,10007,'USER_STATUS','账号已被封禁','您的账号已被管理员封禁，当前无法继续登录和发起新的预约。',1,'2026-04-23 21:09:28'),(7,10007,'USER_STATUS','账号已恢复使用','您的账号已被管理员恢复，可继续正常登录和使用预约功能。',1,'2026-04-23 21:18:34'),(8,10007,'USER_STATUS','账号已被封禁','您的账号已被管理员封禁，当前无法继续登录和发起新的预约。',1,'2026-04-23 21:19:12'),(9,10007,'USER_STATUS','账号已恢复使用','您的账号已被管理员恢复，可继续正常登录和使用预约功能。',1,'2026-04-23 21:19:26'),(11,10007,'USER_STATUS','账号已恢复使用','您的账号已被管理员恢复，可正常登录和使用预约功能。',1,'2026-04-23 21:21:55'),(12,10007,'USER_STATUS','账号已被封禁','您的账号已被管理员封禁，当前无法继续登录和发起新的预约。\n原因：wc',1,'2026-04-23 21:24:09'),(13,10007,'USER_STATUS','账号已恢复使用','您的账号已被管理员恢复，可正常登录和使用预约功能。\n原因：a',1,'2026-04-23 21:24:26'),(14,10007,'USER_STATUS','账号已被封禁','您的账号已被管理员封禁，当前无法继续登录和发起新的预约。\n原因：aaa',1,'2026-04-23 21:25:24'),(15,10007,'USER_STATUS','账号已恢复使用','您的账号已被管理员恢复，可正常登录和使用预约功能。',1,'2026-04-23 21:25:40'),(16,10007,'USER_STATUS','账号已被封禁','您的账号已被管理员封禁，当前无法继续登录和发起新的预约。',1,'2026-04-23 21:26:40'),(17,10007,'USER_STATUS','账号已恢复使用','您的账号已被管理员恢复，可正常登录和使用预约功能。',1,'2026-04-23 21:30:26'),(18,10007,'RESERVATION_CANCELLED','预约已被管理员取消','您的预约已被管理员取消，请重新选择时间或联系管理员。',1,'2026-04-23 21:31:16'),(19,10007,'RESERVATION_NO_SHOW','预约已按爽约处理','您的预约在开始后 15 分钟内未完成签到，系统已自动取消本次预约并记录一次爽约。',0,'2026-04-25 18:56:29'),(20,10007,'RESERVATION_NO_SHOW','预约已按爽约处理','您的预约在开始后 15 分钟内未完成签到，系统已自动取消本次预约并记录一次爽约。',0,'2026-04-25 19:45:30'),(21,10007,'RESERVATION_NO_SHOW','预约已按爽约处理','您的预约在开始后 15 分钟内未完成签到，系统已自动取消本次预约并记录一次爽约。',0,'2026-04-25 20:15:30');
/*!40000 ALTER TABLE `notification` ENABLE KEYS */;
UNLOCK TABLES;

--
-- Table structure for table `reservation`
--

DROP TABLE IF EXISTS `reservation`;
/*!40101 SET @saved_cs_client     = @@character_set_client */;
/*!40101 SET character_set_client = utf8 */;
CREATE TABLE `reservation` (
  `id` bigint(20) NOT NULL AUTO_INCREMENT COMMENT '预约ID',
  `user_id` bigint(20) NOT NULL COMMENT '预约用户ID',
  `resource_type` varchar(20) CHARACTER SET utf8mb4 NOT NULL COMMENT '资源类型：SEAT/CLASSROOM',
  `resource_id` bigint(20) NOT NULL COMMENT '资源ID',
  `classroom_id` bigint(20) DEFAULT NULL COMMENT '冗余字段设计',
  `reserve_date` date NOT NULL COMMENT '预约日期',
  `start_time` datetime NOT NULL COMMENT '开始时间',
  `end_time` datetime NOT NULL COMMENT '结束时间',
  `reason` varchar(255) CHARACTER SET utf8mb4 DEFAULT NULL COMMENT '预约原因',
  `status` varchar(20) CHARACTER SET utf8mb4 NOT NULL DEFAULT 'ACTIVE' COMMENT '预约状态',
  `create_time` datetime NOT NULL DEFAULT CURRENT_TIMESTAMP COMMENT '创建时间',
  `update_time` datetime NOT NULL DEFAULT CURRENT_TIMESTAMP ON UPDATE CURRENT_TIMESTAMP COMMENT '更新时间',
  PRIMARY KEY (`id`)
) ENGINE=InnoDB AUTO_INCREMENT=99 DEFAULT CHARSET=utf8mb4 COLLATE=utf8mb4_unicode_ci;
/*!40101 SET character_set_client = @saved_cs_client */;

--
-- Dumping data for table `reservation`
--

LOCK TABLES `reservation` WRITE;
/*!40000 ALTER TABLE `reservation` DISABLE KEYS */;
INSERT INTO `reservation` VALUES (1,10001,'SEAT',113,5,'2026-04-02','2026-04-03 13:36:49','2026-04-03 15:36:56','123','EXPIRED','2026-04-02 13:38:26','2026-04-05 12:09:11'),(2,10001,'SEAT',116,5,'2026-04-02','2026-04-03 13:42:06','2026-04-03 15:42:07','123','EXPIRED','2026-04-02 13:42:23','2026-04-05 12:09:11'),(5,10001,'SEAT',114,5,'2026-04-02','2026-04-03 15:42:06','2026-04-03 15:44:07','cao','EXPIRED','2026-04-02 14:48:59','2026-04-05 12:09:11'),(6,10004,'SEAT',115,5,'2026-04-02','2026-04-03 15:42:06','2026-04-03 15:46:07','cao','EXPIRED','2026-04-02 15:21:00','2026-04-05 12:09:11'),(7,10004,'CLASSROOM',4,4,'2026-04-02','2026-04-03 15:42:06','2026-04-03 15:42:07','cao','CANCELLED','2026-04-02 15:23:17','2026-04-05 12:01:23'),(8,10004,'SEAT',113,5,'2026-04-02','2026-04-03 18:42:06','2026-04-03 22:42:06','ssss','CANCELLED','2026-04-02 17:42:16','2026-04-05 12:01:34'),(9,10004,'SEAT',113,5,'2026-04-02','2026-04-03 18:42:06','2026-04-03 22:42:06','ssss','CANCELLED','2026-04-02 17:47:17','2026-04-05 12:01:34'),(10,10004,'SEAT',113,5,'2026-04-02','2026-04-03 18:42:06','2026-04-03 22:42:06','ssss','EXPIRED','2026-04-02 17:47:22','2026-04-05 12:09:11'),(11,10004,'SEAT',113,5,'2026-04-05','2026-04-05 11:42:06','2026-04-05 13:12:20','ssss','CANCELLED','2026-04-02 17:47:22','2026-04-05 12:24:02'),(13,10004,'SEAT',118,5,'2026-04-05','2026-04-05 12:42:06','2026-04-05 13:12:20',NULL,'CANCELLED','2026-04-05 12:38:01','2026-04-05 12:38:25'),(14,10004,'SEAT',118,5,'2026-04-05','2026-04-05 12:42:06','2026-04-05 13:12:20',NULL,'CANCELLED','2026-04-05 12:38:26','2026-04-05 12:38:37'),(15,10004,'SEAT',118,5,'2026-04-05','2026-04-05 12:42:06','2026-04-05 13:12:20',NULL,'EXPIRED','2026-04-05 12:38:39','2026-04-05 13:12:44'),(16,10004,'CLASSROOM',6,6,'2026-04-05','2026-04-05 12:42:06','2026-04-05 13:12:20',NULL,'CANCELLED','2026-04-05 12:40:00','2026-04-05 12:40:15'),(17,10004,'CLASSROOM',6,6,'2026-04-05','2026-04-05 12:42:06','2026-04-05 13:12:20',NULL,'EXPIRED','2026-04-05 12:40:22','2026-04-05 13:12:44'),(18,10004,'CLASSROOM',6,6,'2026-04-05','2026-04-05 23:42:06','2026-04-05 23:52:20',NULL,'EXPIRED','2026-04-05 22:53:48','2026-04-05 23:53:07'),(34,10015,'SEAT',118,5,'2026-04-06','2026-04-06 21:33:00','2026-04-06 22:00:00',NULL,'EXPIRED','2026-04-06 21:30:35','2026-04-07 17:27:11'),(35,10015,'SEAT',118,5,'2026-04-07','2026-04-07 21:33:00','2026-04-07 22:00:00',NULL,'EXPIRED','2026-04-07 17:37:37','2026-04-08 17:20:31'),(36,10013,'CLASSROOM',6,6,'2026-04-08','2026-04-08 21:33:00','2026-04-08 22:00:00',NULL,'EXPIRED','2026-04-08 17:21:26','2026-04-08 22:00:06'),(37,10004,'SEAT',118,5,'2026-04-08','2026-04-08 21:42:06','2026-04-08 22:12:20',NULL,'CANCELLED','2026-04-08 19:50:50','2026-04-08 19:51:06'),(38,10004,'SEAT',118,5,'2026-04-08','2026-04-08 21:42:06','2026-04-08 22:12:20',NULL,'CANCELLED','2026-04-08 19:51:36','2026-04-08 19:51:43'),(39,10004,'SEAT',118,5,'2026-04-08','2026-04-08 21:42:06','2026-04-08 22:12:20',NULL,'EXPIRED','2026-04-08 19:52:37','2026-04-08 22:13:06'),(42,10014,'SEAT',118,5,'2026-04-09','2026-04-09 22:33:00','2026-04-09 23:00:00',NULL,'EXPIRED','2026-04-09 22:31:33','2026-04-10 04:56:51'),(43,10004,'CLASSROOM',6,6,'2026-04-10','2026-04-10 18:42:06','2026-04-10 23:52:20',NULL,'EXPIRED','2026-04-10 15:44:48','2026-04-13 04:03:52'),(44,10004,'CLASSROOM',6,6,'2026-04-20','2026-04-20 21:42:06','2026-04-20 23:52:20',NULL,'CANCELLED','2026-04-20 21:36:49','2026-04-20 21:42:22'),(50,10004,'CLASSROOM',6,6,'2026-04-22','2026-04-22 21:42:06','2026-04-22 23:52:20',NULL,'CANCELLED','2026-04-21 18:05:20','2026-04-22 21:19:58'),(51,10004,'CLASSROOM',6,6,'2026-04-22','2026-04-22 11:42:06','2026-04-22 14:42:00',NULL,'EXPIRED','2026-04-21 18:05:47','2026-04-22 14:42:40'),(52,10004,'CLASSROOM',6,6,'2026-04-22','2026-04-22 14:42:06','2026-04-22 16:42:00',NULL,'EXPIRED','2026-04-21 18:06:00','2026-04-22 20:12:27'),(53,10007,'SEAT',114,5,'2026-04-22','2026-04-22 21:01:00','2026-04-22 23:01:00','233','CANCELLED','2026-04-22 20:13:57','2026-04-22 20:14:03'),(54,10007,'SEAT',114,5,'2026-04-22','2026-04-22 21:00:00','2026-04-22 23:00:00','awda ','CANCELLED','2026-04-22 20:28:40','2026-04-22 20:35:25'),(55,10007,'SEAT',113,5,'2026-04-22','2026-04-22 21:00:00','2026-04-22 23:00:00','','CANCELLED','2026-04-22 20:38:11','2026-04-22 20:41:32'),(56,10007,'SEAT',113,5,'2026-04-23','2026-04-23 00:00:00','2026-04-23 02:00:00','','CANCELLED','2026-04-22 20:41:23','2026-04-22 20:41:30'),(57,10007,'SEAT',113,5,'2026-04-23','2026-04-23 00:00:00','2026-04-23 02:00:00','','CANCELLED','2026-04-22 20:41:39','2026-04-22 20:52:57'),(58,10007,'SEAT',113,5,'2026-04-22','2026-04-22 22:00:00','2026-04-22 23:00:00','wadawdw','CANCELLED','2026-04-22 20:49:12','2026-04-22 20:52:55'),(59,10007,'SEAT',113,5,'2026-04-22','2026-04-22 22:00:00','2026-04-22 23:31:03','','CANCELLED','2026-04-22 20:56:13','2026-04-22 20:59:30'),(60,10007,'SEAT',113,5,'2026-04-22','2026-04-22 22:00:00','2026-04-22 23:31:03','','CANCELLED','2026-04-22 21:07:15','2026-04-22 21:07:21'),(61,10007,'SEAT',113,5,'2026-04-22','2026-04-22 22:00:00','2026-04-22 23:31:03','','CANCELLED','2026-04-22 21:07:42','2026-04-22 21:35:55'),(62,10004,'CLASSROOM',4,4,'2026-04-22','2026-04-22 22:00:00','2026-04-22 23:31:03','','CANCELLED','2026-04-22 21:22:56','2026-04-22 21:23:03'),(63,10004,'CLASSROOM',4,4,'2026-04-22','2026-04-22 22:00:00','2026-04-22 23:31:03','','CANCELLED','2026-04-22 21:23:47','2026-04-22 21:25:46'),(64,10007,'SEAT',122,6,'2026-04-22','2026-04-22 22:00:00','2026-04-22 23:31:03','','CANCELLED','2026-04-22 21:35:58','2026-04-22 21:36:04'),(65,10007,'SEAT',120,4,'2026-04-22','2026-04-22 22:00:00','2026-04-22 23:31:03','','CANCELLED','2026-04-22 21:36:35','2026-04-22 21:58:01'),(66,10004,'CLASSROOM',5,5,'2026-04-22','2026-04-22 22:00:00','2026-04-22 23:31:03','','EXPIRED','2026-04-22 21:45:18','2026-04-23 09:20:53'),(67,10009,'SEAT',119,4,'2026-04-22','2026-04-22 22:00:00','2026-04-22 23:31:03','','CANCELLED','2026-04-22 21:59:03','2026-04-22 21:59:19'),(68,10009,'SEAT',119,4,'2026-04-22','2026-04-22 22:04:00','2026-04-22 23:31:03','','CANCELLED','2026-04-22 22:02:08','2026-04-22 22:02:11'),(69,10009,'SEAT',119,4,'2026-04-22','2026-04-22 22:04:00','2026-04-22 23:31:03','','EXPIRED','2026-04-22 22:02:59','2026-04-23 09:20:53'),(70,10007,'SEAT',119,4,'2026-04-22','2026-04-22 23:36:00','2026-04-22 23:59:00','','EXPIRED','2026-04-22 22:02:59','2026-04-23 09:20:53'),(71,10004,'CLASSROOM',4,4,'2026-04-23','2026-04-23 15:00:00','2026-04-23 17:00:00','','CANCELLED','2026-04-23 09:35:16','2026-04-23 09:42:25'),(72,10004,'CLASSROOM',5,5,'2026-04-23','2026-04-23 14:00:00','2026-04-23 17:00:00','','CANCELLED','2026-04-23 09:42:12','2026-04-23 09:42:24'),(73,10007,'SEAT',119,4,'2026-04-23','2026-04-23 13:00:00','2026-04-23 15:00:00','','CANCELLED','2026-04-23 09:42:50','2026-04-23 09:43:18'),(74,10007,'SEAT',119,4,'2026-04-23','2026-04-23 15:00:00','2026-04-23 17:00:00','','CANCELLED','2026-04-23 09:43:12','2026-04-23 09:43:16'),(75,10007,'SEAT',119,4,'2026-04-23','2026-04-23 10:00:00','2026-04-23 11:30:00','','CANCELLED','2026-04-23 09:55:28','2026-04-23 09:59:34'),(76,10007,'SEAT',119,4,'2026-04-23','2026-04-23 14:30:00','2026-04-23 16:00:00','','CANCELLED','2026-04-23 09:59:59','2026-04-23 12:28:44'),(77,10007,'SEAT',119,4,'2026-04-23','2026-04-23 16:30:00','2026-04-23 17:30:00','','CANCELLED','2026-04-23 10:03:58','2026-04-23 12:28:45'),(78,10007,'SEAT',317,5,'2026-04-23','2026-04-23 16:30:00','2026-04-23 17:30:00','','CANCELLED','2026-04-23 12:29:51','2026-04-23 12:30:01'),(79,10007,'SEAT',117,5,'2026-04-23','2026-04-23 16:30:00','2026-04-23 17:30:00','','CANCELLED','2026-04-23 12:30:05','2026-04-23 12:30:26'),(80,10007,'SEAT',309,4,'2026-04-23','2026-04-23 16:30:00','2026-04-23 17:30:00','','CANCELLED','2026-04-23 12:30:34','2026-04-23 12:32:57'),(81,10007,'SEAT',309,4,'2026-04-23','2026-04-23 16:30:00','2026-04-23 17:30:00','','EXPIRED','2026-04-23 12:37:31','2026-04-23 20:39:13'),(82,10007,'SEAT',309,4,'2026-04-23','2026-04-23 21:00:00','2026-04-23 21:30:00','','CANCELLED','2026-04-23 20:46:30','2026-04-23 20:46:39'),(83,10007,'SEAT',121,6,'2026-04-23','2026-04-23 22:00:00','2026-04-23 22:30:00','','CANCELLED','2026-04-23 21:31:07','2026-04-23 21:31:16'),(84,10007,'SEAT',260,10,'2026-04-23','2026-04-23 22:00:00','2026-04-23 22:30:00','','CANCELLED','2026-04-23 21:36:31','2026-04-23 21:36:41'),(85,10007,'SEAT',343,4,'2026-04-24','2026-04-24 11:30:00','2026-04-24 14:30:00','','EXPIRED','2026-04-24 11:21:34','2026-04-24 23:12:01'),(86,10007,'SEAT',343,4,'2026-04-25','2026-04-24 23:30:00','2026-04-25 00:00:00','','EXPIRED','2026-04-24 23:12:39','2026-04-25 13:31:37'),(87,10007,'SEAT',337,4,'2026-04-25','2026-04-25 06:30:00','2026-04-25 07:00:00','','CANCELLED','2026-04-25 14:13:08','2026-04-25 14:26:02'),(88,10007,'SEAT',314,4,'2026-04-25','2026-04-25 06:30:00','2026-04-25 07:00:00','','CANCELLED','2026-04-25 14:26:15','2026-04-25 14:26:19'),(89,10007,'SEAT',310,4,'2026-04-25','2026-04-25 07:30:00','2026-04-25 08:00:00','','CANCELLED','2026-04-25 15:20:27','2026-04-25 15:21:30'),(90,10007,'SEAT',370,4,'2026-04-25','2026-04-25 07:30:00','2026-04-25 08:00:00','','CANCELLED','2026-04-25 15:21:34','2026-04-25 15:21:37'),(91,10007,'SEAT',310,4,'2026-04-25','2026-04-25 10:30:00','2026-04-25 11:00:00','','CANCELLED','2026-04-25 18:26:43','2026-04-25 18:32:41'),(92,10007,'SEAT',309,4,'2026-04-25','2026-04-25 10:41:00','2026-04-25 11:30:00','','CANCELLED','2026-04-25 18:39:53','2026-04-25 18:56:29'),(93,10007,'SEAT',263,10,'2026-04-25','2026-04-25 12:00:00','2026-04-25 13:00:00','','CANCELLED','2026-04-25 18:48:36','2026-04-25 19:26:05'),(94,10007,'SEAT',337,4,'2026-04-26','2026-04-26 09:00:00','2026-04-26 10:00:00','','CANCELLED','2026-04-25 19:25:52','2026-04-25 19:56:14'),(95,10007,'SEAT',346,4,'2026-04-25','2026-04-25 11:30:00','2026-04-25 12:30:00','','CANCELLED','2026-04-25 19:26:22','2026-04-25 19:45:30'),(96,10007,'SEAT',261,10,'2026-04-25','2026-04-25 12:00:00','2026-04-25 13:00:00','','CANCELLED','2026-04-25 19:56:29','2026-04-25 19:56:35'),(97,10007,'SEAT',312,4,'2026-04-25','2026-04-25 12:00:00','2026-04-25 13:00:00','','CANCELLED','2026-04-25 19:58:12','2026-04-25 20:15:30'),(98,10007,'SEAT',321,4,'2026-04-25','2026-04-25 13:00:00','2026-04-25 14:00:00','','ACTIVE','2026-04-25 20:34:14','2026-04-25 20:34:14');
/*!40000 ALTER TABLE `reservation` ENABLE KEYS */;
UNLOCK TABLES;

--
-- Table structure for table `reservation_attendance`
--

DROP TABLE IF EXISTS `reservation_attendance`;
/*!40101 SET @saved_cs_client     = @@character_set_client */;
/*!40101 SET character_set_client = utf8 */;
CREATE TABLE `reservation_attendance` (
  `id` bigint(20) NOT NULL AUTO_INCREMENT,
  `reservation_id` bigint(20) NOT NULL,
  `status` varchar(32) COLLATE utf8mb4_unicode_ci NOT NULL,
  `check_in_time` datetime DEFAULT NULL,
  `create_time` datetime NOT NULL DEFAULT CURRENT_TIMESTAMP,
  `update_time` datetime NOT NULL DEFAULT CURRENT_TIMESTAMP ON UPDATE CURRENT_TIMESTAMP,
  PRIMARY KEY (`id`),
  UNIQUE KEY `uk_reservation_attendance_reservation_id` (`reservation_id`)
) ENGINE=InnoDB AUTO_INCREMENT=29 DEFAULT CHARSET=utf8mb4 COLLATE=utf8mb4_unicode_ci;
/*!40101 SET character_set_client = @saved_cs_client */;

--
-- Dumping data for table `reservation_attendance`
--

LOCK TABLES `reservation_attendance` WRITE;
/*!40000 ALTER TABLE `reservation_attendance` DISABLE KEYS */;
INSERT INTO `reservation_attendance` VALUES (1,87,'CHECKED_IN','2026-04-25 06:25:59','2026-04-25 14:13:08','2026-04-25 14:25:58'),(4,88,'CHECKED_IN','2026-04-25 06:26:18','2026-04-25 14:26:15','2026-04-25 14:26:17'),(7,89,'CHECKED_IN','2026-04-25 07:21:16','2026-04-25 15:20:27','2026-04-25 15:21:16'),(10,90,'CANCELLED',NULL,'2026-04-25 15:21:34','2026-04-25 15:21:37'),(12,91,'CHECKED_IN','2026-04-25 10:32:39','2026-04-25 18:26:43','2026-04-25 18:32:38'),(15,92,'NO_SHOW',NULL,'2026-04-25 18:39:53','2026-04-25 18:56:29'),(16,93,'CANCELLED',NULL,'2026-04-25 18:48:36','2026-04-25 19:26:05'),(18,94,'CANCELLED',NULL,'2026-04-25 19:25:52','2026-04-25 19:56:14'),(20,95,'NO_SHOW',NULL,'2026-04-25 19:26:22','2026-04-25 19:45:30'),(23,96,'CHECKED_IN','2026-04-25 11:56:31','2026-04-25 19:56:29','2026-04-25 19:56:31'),(26,97,'NO_SHOW',NULL,'2026-04-25 19:58:12','2026-04-25 20:15:30'),(28,98,'PENDING',NULL,'2026-04-25 20:34:14','2026-04-25 20:34:14');
/*!40000 ALTER TABLE `reservation_attendance` ENABLE KEYS */;
UNLOCK TABLES;

--
-- Table structure for table `reservation_usage`
--

DROP TABLE IF EXISTS `reservation_usage`;
/*!40101 SET @saved_cs_client     = @@character_set_client */;
/*!40101 SET character_set_client = utf8 */;
CREATE TABLE `reservation_usage` (
  `id` bigint(20) NOT NULL AUTO_INCREMENT,
  `user_id` bigint(20) NOT NULL,
  `date` date NOT NULL,
  `used_minutes` int(11) NOT NULL,
  PRIMARY KEY (`id`),
  UNIQUE KEY `uk_user_date` (`user_id`,`date`)
) ENGINE=InnoDB AUTO_INCREMENT=41 DEFAULT CHARSET=utf8mb4 COLLATE=utf8mb4_unicode_ci;
/*!40101 SET character_set_client = @saved_cs_client */;

--
-- Dumping data for table `reservation_usage`
--

LOCK TABLES `reservation_usage` WRITE;
/*!40000 ALTER TABLE `reservation_usage` DISABLE KEYS */;
INSERT INTO `reservation_usage` VALUES (1,10004,'2026-04-22',389),(14,10007,'2026-04-22',23),(20,10009,'2026-04-22',87),(24,10004,'2026-04-23',0),(26,10007,'2026-04-23',60),(27,10007,'2026-04-24',180),(28,10007,'2026-04-25',71),(36,10007,'2026-04-26',0);
/*!40000 ALTER TABLE `reservation_usage` ENABLE KEYS */;
UNLOCK TABLES;

--
-- Table structure for table `seat`
--

DROP TABLE IF EXISTS `seat`;
/*!40101 SET @saved_cs_client     = @@character_set_client */;
/*!40101 SET character_set_client = utf8 */;
CREATE TABLE `seat` (
  `id` bigint(20) NOT NULL AUTO_INCREMENT,
  `classroom_id` bigint(20) NOT NULL,
  `seat_number` varchar(50) CHARACTER SET utf8mb4 NOT NULL,
  `row_number` int(11) NOT NULL,
  `col_number` int(11) NOT NULL,
  `status` varchar(20) CHARACTER SET utf8mb4 NOT NULL DEFAULT 'ENABLED',
  `remark` varchar(255) CHARACTER SET utf8mb4 DEFAULT NULL,
  `create_time` datetime NOT NULL DEFAULT CURRENT_TIMESTAMP,
  `update_time` datetime NOT NULL DEFAULT CURRENT_TIMESTAMP ON UPDATE CURRENT_TIMESTAMP,
  PRIMARY KEY (`id`),
  UNIQUE KEY `uk_classroom_seat` (`classroom_id`,`row_number`,`col_number`) COMMENT '同一教室下行号和列号不许相同(即座位不许相同)',
  UNIQUE KEY `uk_classroom_seat_number` (`classroom_id`,`seat_number`) COMMENT '同一教室下座位号不许相同',
  CONSTRAINT `fk_seat_classroom` FOREIGN KEY (`classroom_id`) REFERENCES `classroom` (`id`)
) ENGINE=InnoDB AUTO_INCREMENT=371 DEFAULT CHARSET=utf8mb4 COLLATE=utf8mb4_unicode_ci;
/*!40101 SET character_set_client = @saved_cs_client */;

--
-- Dumping data for table `seat`
--

LOCK TABLES `seat` WRITE;
/*!40000 ALTER TABLE `seat` DISABLE KEYS */;
INSERT INTO `seat` VALUES (113,5,'1-1',1,1,'ENABLED','shabi','2026-03-20 12:44:59','2026-04-22 20:29:54'),(114,5,'1-2',1,2,'ENABLED','更新为可用','2026-03-20 12:44:59','2026-03-22 11:47:21'),(115,5,'1-3',1,3,'ENABLED','更新为可用','2026-03-20 12:44:59','2026-03-22 11:47:21'),(116,5,'2-1',2,1,'ENABLED','shabi','2026-03-20 12:44:59','2026-04-22 20:29:53'),(117,5,'2-2',2,2,'ENABLED','更新为可用','2026-03-20 12:44:59','2026-03-22 11:47:21'),(118,5,'2-3',2,3,'ENABLED','更新为可用','2026-03-20 12:44:59','2026-03-22 11:47:21'),(121,6,'1-1',1,1,'ENABLED','','2026-04-22 21:27:50','2026-04-22 21:29:23'),(122,6,'1-2',1,2,'ENABLED','','2026-04-22 21:27:50','2026-04-22 21:28:23'),(123,6,'1-3',1,3,'ENABLED',NULL,'2026-04-22 21:27:50','2026-04-22 21:28:13'),(124,6,'2-1',2,1,'ENABLED',NULL,'2026-04-22 21:27:50','2026-04-22 21:28:13'),(125,6,'2-2',2,2,'ENABLED',NULL,'2026-04-22 21:27:50','2026-04-22 21:28:13'),(126,6,'2-3',2,3,'ENABLED',NULL,'2026-04-22 21:27:50','2026-04-22 21:28:13'),(127,6,'3-1',3,1,'ENABLED',NULL,'2026-04-22 21:27:50','2026-04-22 21:28:13'),(128,6,'3-2',3,2,'ENABLED',NULL,'2026-04-22 21:27:50','2026-04-22 21:28:13'),(129,6,'3-3',3,3,'ENABLED',NULL,'2026-04-22 21:27:50','2026-04-22 21:28:13'),(130,7,'1-1',1,1,'ENABLED',NULL,'2026-04-22 21:32:20','2026-04-22 21:32:20'),(131,7,'1-2',1,2,'ENABLED',NULL,'2026-04-22 21:32:20','2026-04-22 21:32:20'),(132,7,'1-3',1,3,'ENABLED',NULL,'2026-04-22 21:32:20','2026-04-22 21:32:20'),(133,7,'1-4',1,4,'ENABLED',NULL,'2026-04-22 21:32:20','2026-04-22 21:32:20'),(134,7,'1-5',1,5,'ENABLED',NULL,'2026-04-22 21:32:20','2026-04-22 21:32:20'),(135,7,'1-6',1,6,'ENABLED',NULL,'2026-04-22 21:32:20','2026-04-22 21:32:20'),(136,7,'1-7',1,7,'ENABLED',NULL,'2026-04-22 21:32:20','2026-04-22 21:32:20'),(137,7,'1-8',1,8,'ENABLED',NULL,'2026-04-22 21:32:20','2026-04-22 21:32:20'),(138,7,'2-1',2,1,'ENABLED',NULL,'2026-04-22 21:32:20','2026-04-22 21:32:20'),(139,7,'2-2',2,2,'ENABLED',NULL,'2026-04-22 21:32:20','2026-04-22 21:32:20'),(140,7,'2-3',2,3,'ENABLED',NULL,'2026-04-22 21:32:20','2026-04-22 21:32:20'),(141,7,'2-4',2,4,'ENABLED',NULL,'2026-04-22 21:32:20','2026-04-22 21:32:20'),(142,7,'2-5',2,5,'ENABLED',NULL,'2026-04-22 21:32:20','2026-04-22 21:32:20'),(143,7,'2-6',2,6,'ENABLED',NULL,'2026-04-22 21:32:20','2026-04-22 21:32:20'),(144,7,'2-7',2,7,'ENABLED',NULL,'2026-04-22 21:32:20','2026-04-22 21:32:20'),(145,7,'2-8',2,8,'ENABLED',NULL,'2026-04-22 21:32:20','2026-04-22 21:32:20'),(146,7,'3-1',3,1,'ENABLED',NULL,'2026-04-22 21:32:20','2026-04-22 21:32:20'),(147,7,'3-2',3,2,'ENABLED',NULL,'2026-04-22 21:32:20','2026-04-22 21:32:20'),(148,7,'3-3',3,3,'ENABLED',NULL,'2026-04-22 21:32:20','2026-04-22 21:32:20'),(149,7,'3-4',3,4,'ENABLED',NULL,'2026-04-22 21:32:20','2026-04-22 21:32:20'),(150,7,'3-5',3,5,'ENABLED',NULL,'2026-04-22 21:32:20','2026-04-22 21:32:20'),(151,7,'3-6',3,6,'ENABLED',NULL,'2026-04-22 21:32:20','2026-04-22 21:32:20'),(152,7,'3-7',3,7,'ENABLED',NULL,'2026-04-22 21:32:20','2026-04-22 21:32:20'),(153,7,'3-8',3,8,'ENABLED',NULL,'2026-04-22 21:32:20','2026-04-22 21:32:20'),(154,7,'4-1',4,1,'ENABLED',NULL,'2026-04-22 21:32:20','2026-04-22 21:32:20'),(155,7,'4-2',4,2,'ENABLED',NULL,'2026-04-22 21:32:20','2026-04-22 21:32:20'),(156,7,'4-3',4,3,'ENABLED',NULL,'2026-04-22 21:32:20','2026-04-22 21:32:20'),(157,7,'4-4',4,4,'ENABLED',NULL,'2026-04-22 21:32:20','2026-04-22 21:32:20'),(158,7,'4-5',4,5,'ENABLED',NULL,'2026-04-22 21:32:20','2026-04-22 21:32:20'),(159,7,'4-6',4,6,'ENABLED',NULL,'2026-04-22 21:32:20','2026-04-22 21:32:20'),(160,7,'4-7',4,7,'ENABLED',NULL,'2026-04-22 21:32:20','2026-04-22 21:32:20'),(161,7,'4-8',4,8,'ENABLED',NULL,'2026-04-22 21:32:20','2026-04-22 21:32:20'),(162,8,'1-1',1,1,'ENABLED',NULL,'2026-04-23 10:17:18','2026-04-23 10:17:18'),(163,8,'1-2',1,2,'ENABLED',NULL,'2026-04-23 10:17:18','2026-04-23 10:17:18'),(164,8,'1-3',1,3,'ENABLED',NULL,'2026-04-23 10:17:18','2026-04-23 10:17:18'),(165,8,'1-4',1,4,'ENABLED',NULL,'2026-04-23 10:17:18','2026-04-23 10:17:18'),(166,8,'1-5',1,5,'ENABLED',NULL,'2026-04-23 10:17:18','2026-04-23 10:17:18'),(167,8,'1-6',1,6,'ENABLED',NULL,'2026-04-23 10:17:18','2026-04-23 10:17:18'),(168,8,'1-7',1,7,'ENABLED',NULL,'2026-04-23 10:17:18','2026-04-23 10:17:18'),(169,8,'1-8',1,8,'ENABLED',NULL,'2026-04-23 10:17:18','2026-04-23 10:17:18'),(170,8,'2-1',2,1,'ENABLED',NULL,'2026-04-23 10:17:18','2026-04-23 10:17:18'),(171,8,'2-2',2,2,'ENABLED',NULL,'2026-04-23 10:17:18','2026-04-23 10:17:18'),(172,8,'2-3',2,3,'ENABLED',NULL,'2026-04-23 10:17:18','2026-04-23 10:17:18'),(173,8,'2-4',2,4,'ENABLED',NULL,'2026-04-23 10:17:18','2026-04-23 10:17:18'),(174,8,'2-5',2,5,'ENABLED',NULL,'2026-04-23 10:17:18','2026-04-23 10:17:18'),(175,8,'2-6',2,6,'ENABLED',NULL,'2026-04-23 10:17:18','2026-04-23 10:17:18'),(176,8,'2-7',2,7,'ENABLED',NULL,'2026-04-23 10:17:18','2026-04-23 10:17:18'),(177,8,'2-8',2,8,'ENABLED',NULL,'2026-04-23 10:17:18','2026-04-23 10:17:18'),(178,8,'3-1',3,1,'ENABLED',NULL,'2026-04-23 10:17:18','2026-04-23 10:17:18'),(179,8,'3-2',3,2,'ENABLED',NULL,'2026-04-23 10:17:18','2026-04-23 10:17:18'),(180,8,'3-3',3,3,'ENABLED',NULL,'2026-04-23 10:17:18','2026-04-23 10:17:18'),(181,8,'3-4',3,4,'ENABLED',NULL,'2026-04-23 10:17:18','2026-04-23 10:17:18'),(182,8,'3-5',3,5,'ENABLED',NULL,'2026-04-23 10:17:18','2026-04-23 10:17:18'),(183,8,'3-6',3,6,'ENABLED',NULL,'2026-04-23 10:17:18','2026-04-23 10:17:18'),(184,8,'3-7',3,7,'ENABLED',NULL,'2026-04-23 10:17:18','2026-04-23 10:17:18'),(185,8,'3-8',3,8,'ENABLED',NULL,'2026-04-23 10:17:18','2026-04-23 10:17:18'),(186,8,'4-1',4,1,'ENABLED',NULL,'2026-04-23 10:17:18','2026-04-23 10:17:18'),(187,8,'4-2',4,2,'ENABLED',NULL,'2026-04-23 10:17:18','2026-04-23 10:17:18'),(188,8,'4-3',4,3,'ENABLED',NULL,'2026-04-23 10:17:18','2026-04-23 10:17:18'),(189,8,'4-4',4,4,'ENABLED',NULL,'2026-04-23 10:17:18','2026-04-23 10:17:18'),(190,8,'4-5',4,5,'ENABLED',NULL,'2026-04-23 10:17:18','2026-04-23 10:17:18'),(191,8,'4-6',4,6,'ENABLED',NULL,'2026-04-23 10:17:18','2026-04-23 10:17:18'),(192,8,'4-7',4,7,'ENABLED',NULL,'2026-04-23 10:17:18','2026-04-23 10:17:18'),(193,8,'4-8',4,8,'ENABLED',NULL,'2026-04-23 10:17:18','2026-04-23 10:17:18'),(194,8,'5-1',5,1,'ENABLED',NULL,'2026-04-23 10:17:18','2026-04-23 10:17:18'),(195,8,'5-2',5,2,'ENABLED',NULL,'2026-04-23 10:17:18','2026-04-23 10:17:18'),(196,8,'5-3',5,3,'ENABLED',NULL,'2026-04-23 10:17:18','2026-04-23 10:17:18'),(197,8,'5-4',5,4,'ENABLED',NULL,'2026-04-23 10:17:18','2026-04-23 10:17:18'),(198,8,'5-5',5,5,'ENABLED',NULL,'2026-04-23 10:17:18','2026-04-23 10:17:18'),(199,8,'5-6',5,6,'ENABLED',NULL,'2026-04-23 10:17:18','2026-04-23 10:17:18'),(200,8,'5-7',5,7,'ENABLED',NULL,'2026-04-23 10:17:18','2026-04-23 10:17:18'),(201,8,'5-8',5,8,'ENABLED',NULL,'2026-04-23 10:17:18','2026-04-23 10:17:18'),(202,8,'6-1',6,1,'ENABLED',NULL,'2026-04-23 10:17:18','2026-04-23 10:17:18'),(203,8,'6-2',6,2,'ENABLED',NULL,'2026-04-23 10:17:18','2026-04-23 10:17:18'),(204,8,'6-3',6,3,'ENABLED',NULL,'2026-04-23 10:17:18','2026-04-23 10:17:18'),(205,8,'6-4',6,4,'ENABLED',NULL,'2026-04-23 10:17:18','2026-04-23 10:17:18'),(206,8,'6-5',6,5,'ENABLED',NULL,'2026-04-23 10:17:18','2026-04-23 10:17:18'),(207,8,'6-6',6,6,'ENABLED',NULL,'2026-04-23 10:17:18','2026-04-23 10:17:18'),(208,8,'6-7',6,7,'ENABLED',NULL,'2026-04-23 10:17:18','2026-04-23 10:17:18'),(209,8,'6-8',6,8,'ENABLED',NULL,'2026-04-23 10:17:18','2026-04-23 10:17:18'),(210,9,'1-1',1,1,'ENABLED',NULL,'2026-04-23 10:17:24','2026-04-23 10:17:24'),(211,9,'1-2',1,2,'ENABLED',NULL,'2026-04-23 10:17:24','2026-04-23 10:17:24'),(212,9,'1-3',1,3,'ENABLED',NULL,'2026-04-23 10:17:24','2026-04-23 10:17:24'),(213,9,'1-4',1,4,'ENABLED',NULL,'2026-04-23 10:17:24','2026-04-23 10:17:24'),(214,9,'1-5',1,5,'ENABLED',NULL,'2026-04-23 10:17:24','2026-04-23 10:17:24'),(215,9,'1-6',1,6,'ENABLED',NULL,'2026-04-23 10:17:24','2026-04-23 10:17:24'),(216,9,'1-7',1,7,'ENABLED',NULL,'2026-04-23 10:17:24','2026-04-23 10:17:24'),(217,9,'1-8',1,8,'ENABLED',NULL,'2026-04-23 10:17:24','2026-04-23 10:17:24'),(218,9,'2-1',2,1,'ENABLED',NULL,'2026-04-23 10:17:24','2026-04-23 10:17:24'),(219,9,'2-2',2,2,'ENABLED',NULL,'2026-04-23 10:17:24','2026-04-23 10:17:24'),(220,9,'2-3',2,3,'ENABLED',NULL,'2026-04-23 10:17:24','2026-04-23 10:17:24'),(221,9,'2-4',2,4,'ENABLED',NULL,'2026-04-23 10:17:24','2026-04-23 10:17:24'),(222,9,'2-5',2,5,'ENABLED',NULL,'2026-04-23 10:17:24','2026-04-23 10:17:24'),(223,9,'2-6',2,6,'ENABLED',NULL,'2026-04-23 10:17:24','2026-04-23 10:17:24'),(224,9,'2-7',2,7,'ENABLED',NULL,'2026-04-23 10:17:24','2026-04-23 10:17:24'),(225,9,'2-8',2,8,'ENABLED',NULL,'2026-04-23 10:17:24','2026-04-23 10:17:24'),(226,9,'3-1',3,1,'ENABLED',NULL,'2026-04-23 10:17:24','2026-04-23 10:17:24'),(227,9,'3-2',3,2,'ENABLED',NULL,'2026-04-23 10:17:24','2026-04-23 10:17:24'),(228,9,'3-3',3,3,'ENABLED',NULL,'2026-04-23 10:17:24','2026-04-23 10:17:24'),(229,9,'3-4',3,4,'ENABLED',NULL,'2026-04-23 10:17:24','2026-04-23 10:17:24'),(230,9,'3-5',3,5,'ENABLED',NULL,'2026-04-23 10:17:24','2026-04-23 10:17:24'),(231,9,'3-6',3,6,'ENABLED',NULL,'2026-04-23 10:17:24','2026-04-23 10:17:24'),(232,9,'3-7',3,7,'ENABLED',NULL,'2026-04-23 10:17:24','2026-04-23 10:17:24'),(233,9,'3-8',3,8,'ENABLED',NULL,'2026-04-23 10:17:24','2026-04-23 10:17:24'),(234,9,'4-1',4,1,'ENABLED',NULL,'2026-04-23 10:17:24','2026-04-23 10:17:24'),(235,9,'4-2',4,2,'ENABLED',NULL,'2026-04-23 10:17:24','2026-04-23 10:17:24'),(236,9,'4-3',4,3,'ENABLED',NULL,'2026-04-23 10:17:24','2026-04-23 10:17:24'),(237,9,'4-4',4,4,'ENABLED',NULL,'2026-04-23 10:17:24','2026-04-23 10:17:24'),(238,9,'4-5',4,5,'ENABLED',NULL,'2026-04-23 10:17:24','2026-04-23 10:17:24'),(239,9,'4-6',4,6,'ENABLED',NULL,'2026-04-23 10:17:24','2026-04-23 10:17:24'),(240,9,'4-7',4,7,'ENABLED',NULL,'2026-04-23 10:17:24','2026-04-23 10:17:24'),(241,9,'4-8',4,8,'ENABLED',NULL,'2026-04-23 10:17:24','2026-04-23 10:17:24'),(242,9,'5-1',5,1,'ENABLED',NULL,'2026-04-23 10:17:24','2026-04-23 10:17:24'),(243,9,'5-2',5,2,'ENABLED',NULL,'2026-04-23 10:17:24','2026-04-23 10:17:24'),(244,9,'5-3',5,3,'ENABLED',NULL,'2026-04-23 10:17:24','2026-04-23 10:17:24'),(245,9,'5-4',5,4,'ENABLED',NULL,'2026-04-23 10:17:24','2026-04-23 10:17:24'),(246,9,'5-5',5,5,'ENABLED',NULL,'2026-04-23 10:17:24','2026-04-23 10:17:24'),(247,9,'5-6',5,6,'ENABLED',NULL,'2026-04-23 10:17:24','2026-04-23 10:17:24'),(248,9,'5-7',5,7,'ENABLED',NULL,'2026-04-23 10:17:24','2026-04-23 10:17:24'),(249,9,'5-8',5,8,'ENABLED',NULL,'2026-04-23 10:17:24','2026-04-23 10:17:24'),(250,9,'6-1',6,1,'ENABLED',NULL,'2026-04-23 10:17:24','2026-04-23 10:17:24'),(251,9,'6-2',6,2,'ENABLED',NULL,'2026-04-23 10:17:24','2026-04-23 10:17:24'),(252,9,'6-3',6,3,'ENABLED',NULL,'2026-04-23 10:17:24','2026-04-23 10:17:24'),(253,9,'6-4',6,4,'ENABLED',NULL,'2026-04-23 10:17:24','2026-04-23 10:17:24'),(254,9,'6-5',6,5,'ENABLED',NULL,'2026-04-23 10:17:24','2026-04-23 10:17:24'),(255,9,'6-6',6,6,'ENABLED',NULL,'2026-04-23 10:17:24','2026-04-23 10:17:24'),(256,9,'6-7',6,7,'ENABLED',NULL,'2026-04-23 10:17:24','2026-04-23 10:17:24'),(257,9,'6-8',6,8,'ENABLED',NULL,'2026-04-23 10:17:24','2026-04-23 10:17:24'),(258,10,'1-1',1,1,'ENABLED',NULL,'2026-04-23 10:19:49','2026-04-23 10:19:49'),(259,10,'1-2',1,2,'ENABLED',NULL,'2026-04-23 10:19:49','2026-04-23 10:19:49'),(260,10,'1-3',1,3,'ENABLED',NULL,'2026-04-23 10:19:49','2026-04-23 10:19:49'),(261,10,'1-4',1,4,'ENABLED',NULL,'2026-04-23 10:19:49','2026-04-23 10:19:49'),(262,10,'1-5',1,5,'ENABLED',NULL,'2026-04-23 10:19:49','2026-04-23 10:19:49'),(263,10,'1-6',1,6,'ENABLED',NULL,'2026-04-23 10:19:49','2026-04-23 10:19:49'),(264,10,'2-1',2,1,'ENABLED',NULL,'2026-04-23 10:19:49','2026-04-23 10:19:49'),(265,10,'2-2',2,2,'ENABLED',NULL,'2026-04-23 10:19:49','2026-04-23 10:19:49'),(266,10,'2-3',2,3,'ENABLED',NULL,'2026-04-23 10:19:49','2026-04-23 10:19:49'),(267,10,'2-4',2,4,'ENABLED',NULL,'2026-04-23 10:19:49','2026-04-23 10:19:49'),(268,10,'2-5',2,5,'ENABLED',NULL,'2026-04-23 10:19:49','2026-04-23 10:19:49'),(269,10,'2-6',2,6,'ENABLED',NULL,'2026-04-23 10:19:49','2026-04-23 10:19:49'),(270,10,'3-1',3,1,'ENABLED',NULL,'2026-04-23 10:19:49','2026-04-23 10:19:49'),(271,10,'3-2',3,2,'ENABLED',NULL,'2026-04-23 10:19:49','2026-04-23 10:19:49'),(272,10,'3-3',3,3,'ENABLED',NULL,'2026-04-23 10:19:49','2026-04-23 10:19:49'),(273,10,'3-4',3,4,'ENABLED',NULL,'2026-04-23 10:19:49','2026-04-23 10:19:49'),(274,10,'3-5',3,5,'ENABLED',NULL,'2026-04-23 10:19:49','2026-04-23 10:19:49'),(275,10,'3-6',3,6,'ENABLED',NULL,'2026-04-23 10:19:49','2026-04-23 10:19:49'),(276,10,'4-1',4,1,'ENABLED',NULL,'2026-04-23 10:19:49','2026-04-23 10:19:49'),(277,10,'4-2',4,2,'ENABLED',NULL,'2026-04-23 10:19:49','2026-04-23 10:19:49'),(278,10,'4-3',4,3,'ENABLED',NULL,'2026-04-23 10:19:49','2026-04-23 10:19:49'),(279,10,'4-4',4,4,'ENABLED',NULL,'2026-04-23 10:19:49','2026-04-23 10:19:49'),(280,10,'4-5',4,5,'ENABLED',NULL,'2026-04-23 10:19:49','2026-04-23 10:19:49'),(281,10,'4-6',4,6,'ENABLED',NULL,'2026-04-23 10:19:49','2026-04-23 10:19:49'),(282,10,'5-1',5,1,'ENABLED',NULL,'2026-04-23 10:19:49','2026-04-23 10:19:49'),(283,10,'5-2',5,2,'ENABLED',NULL,'2026-04-23 10:19:49','2026-04-23 10:19:49'),(284,10,'5-3',5,3,'ENABLED',NULL,'2026-04-23 10:19:49','2026-04-23 10:19:49'),(285,10,'5-4',5,4,'ENABLED',NULL,'2026-04-23 10:19:49','2026-04-23 10:19:49'),(286,10,'5-5',5,5,'ENABLED',NULL,'2026-04-23 10:19:49','2026-04-23 10:19:49'),(287,10,'5-6',5,6,'ENABLED',NULL,'2026-04-23 10:19:49','2026-04-23 10:19:49'),(288,10,'6-1',6,1,'ENABLED',NULL,'2026-04-23 10:19:49','2026-04-23 10:19:49'),(289,10,'6-2',6,2,'ENABLED',NULL,'2026-04-23 10:19:49','2026-04-23 10:19:49'),(290,10,'6-3',6,3,'ENABLED',NULL,'2026-04-23 10:19:49','2026-04-23 10:19:49'),(291,10,'6-4',6,4,'ENABLED',NULL,'2026-04-23 10:19:49','2026-04-23 10:19:49'),(292,10,'6-5',6,5,'ENABLED',NULL,'2026-04-23 10:19:49','2026-04-23 10:19:49'),(293,10,'6-6',6,6,'ENABLED',NULL,'2026-04-23 10:19:49','2026-04-23 10:19:49'),(294,10,'7-1',7,1,'ENABLED',NULL,'2026-04-23 10:19:49','2026-04-23 10:19:49'),(295,10,'7-2',7,2,'ENABLED',NULL,'2026-04-23 10:19:49','2026-04-23 10:19:49'),(296,10,'7-3',7,3,'ENABLED',NULL,'2026-04-23 10:19:49','2026-04-23 10:19:49'),(297,10,'7-4',7,4,'ENABLED',NULL,'2026-04-23 10:19:49','2026-04-23 10:19:49'),(298,10,'7-5',7,5,'ENABLED',NULL,'2026-04-23 10:19:49','2026-04-23 10:19:49'),(299,10,'7-6',7,6,'ENABLED',NULL,'2026-04-23 10:19:49','2026-04-23 10:19:49'),(300,10,'8-1',8,1,'ENABLED',NULL,'2026-04-23 10:19:49','2026-04-23 10:19:49'),(301,10,'8-2',8,2,'ENABLED',NULL,'2026-04-23 10:19:49','2026-04-23 10:19:49'),(302,10,'8-3',8,3,'ENABLED',NULL,'2026-04-23 10:19:49','2026-04-23 10:19:49'),(303,10,'8-4',8,4,'ENABLED',NULL,'2026-04-23 10:19:49','2026-04-23 10:19:49'),(304,10,'8-5',8,5,'ENABLED',NULL,'2026-04-23 10:19:49','2026-04-23 10:19:49'),(305,10,'8-6',8,6,'ENABLED',NULL,'2026-04-23 10:19:49','2026-04-23 10:19:49'),(309,4,'1-1',1,1,'ENABLED',NULL,'2026-04-23 12:28:56','2026-04-23 12:28:56'),(310,4,'1-2',1,2,'ENABLED',NULL,'2026-04-23 12:28:56','2026-04-23 12:28:56'),(311,4,'2-1',2,1,'ENABLED',NULL,'2026-04-23 12:28:56','2026-04-23 12:28:56'),(312,4,'2-2',2,2,'ENABLED',NULL,'2026-04-23 12:28:56','2026-04-23 12:28:56'),(313,4,'3-1',3,1,'ENABLED',NULL,'2026-04-23 12:28:56','2026-04-23 12:28:56'),(314,4,'3-2',3,2,'ENABLED',NULL,'2026-04-23 12:28:56','2026-04-23 12:28:56'),(315,4,'4-1',4,1,'ENABLED',NULL,'2026-04-23 12:28:56','2026-04-23 12:28:56'),(317,5,'6-1',6,1,'ENABLED','','2026-04-23 12:29:16','2026-04-23 12:29:16'),(319,4,'4-2',4,2,'ENABLED','','2026-04-23 20:42:41','2026-04-23 20:42:41'),(320,4,'5-1',5,1,'ENABLED',NULL,'2026-04-23 21:50:55','2026-04-23 21:50:55'),(321,4,'5-2',5,2,'ENABLED',NULL,'2026-04-23 21:50:55','2026-04-23 21:50:55'),(322,4,'6-1',6,1,'ENABLED',NULL,'2026-04-23 21:50:55','2026-04-23 21:50:55'),(323,4,'6-2',6,2,'ENABLED',NULL,'2026-04-23 21:50:55','2026-04-23 21:50:55'),(324,4,'7-1',7,1,'ENABLED',NULL,'2026-04-23 21:50:55','2026-04-23 21:50:55'),(325,4,'7-2',7,2,'ENABLED',NULL,'2026-04-23 21:50:55','2026-04-23 21:50:55'),(326,4,'8-1',8,1,'ENABLED',NULL,'2026-04-23 21:50:55','2026-04-23 21:50:55'),(327,4,'8-2',8,2,'ENABLED',NULL,'2026-04-23 21:50:55','2026-04-23 21:50:55'),(328,4,'9-1',9,1,'ENABLED',NULL,'2026-04-23 21:50:55','2026-04-23 21:50:55'),(329,4,'9-2',9,2,'ENABLED',NULL,'2026-04-23 21:50:55','2026-04-23 21:50:55'),(330,4,'10-1',10,1,'ENABLED',NULL,'2026-04-23 21:50:55','2026-04-23 21:50:55'),(331,4,'10-2',10,2,'ENABLED',NULL,'2026-04-23 21:50:55','2026-04-23 21:50:55'),(333,4,'11-2',11,2,'ENABLED',NULL,'2026-04-23 21:50:55','2026-04-23 21:50:55'),(337,4,'1-4',1,4,'ENABLED',NULL,'2026-04-23 21:51:21','2026-04-23 21:51:21'),(338,4,'1-5',1,5,'ENABLED',NULL,'2026-04-23 21:51:21','2026-04-23 21:51:21'),(339,4,'2-3',2,3,'ENABLED',NULL,'2026-04-23 21:51:21','2026-04-23 21:51:21'),(340,4,'2-4',2,4,'ENABLED',NULL,'2026-04-23 21:51:21','2026-04-23 21:51:21'),(341,4,'2-5',2,5,'ENABLED',NULL,'2026-04-23 21:51:21','2026-04-23 21:51:21'),(342,4,'3-3',3,3,'ENABLED',NULL,'2026-04-23 21:51:21','2026-04-23 21:51:21'),(343,4,'3-4',3,4,'ENABLED',NULL,'2026-04-23 21:51:21','2026-04-23 21:51:21'),(344,4,'3-5',3,5,'ENABLED',NULL,'2026-04-23 21:51:21','2026-04-23 21:51:21'),(345,4,'4-3',4,3,'ENABLED',NULL,'2026-04-23 21:51:21','2026-04-23 21:51:21'),(346,4,'4-4',4,4,'ENABLED',NULL,'2026-04-23 21:51:21','2026-04-23 21:51:21'),(347,4,'4-5',4,5,'ENABLED',NULL,'2026-04-23 21:51:21','2026-04-23 21:51:21'),(348,4,'5-3',5,3,'ENABLED',NULL,'2026-04-23 21:51:21','2026-04-23 21:51:21'),(349,4,'5-4',5,4,'ENABLED',NULL,'2026-04-23 21:51:21','2026-04-23 21:51:21'),(350,4,'5-5',5,5,'ENABLED',NULL,'2026-04-23 21:51:21','2026-04-23 21:51:21'),(351,4,'6-3',6,3,'ENABLED',NULL,'2026-04-23 21:51:21','2026-04-23 21:51:21'),(352,4,'6-4',6,4,'ENABLED',NULL,'2026-04-23 21:51:21','2026-04-23 21:51:21'),(353,4,'6-5',6,5,'ENABLED',NULL,'2026-04-23 21:51:21','2026-04-23 21:51:21'),(354,4,'7-3',7,3,'ENABLED',NULL,'2026-04-23 21:51:21','2026-04-23 21:51:21'),(355,4,'7-4',7,4,'ENABLED',NULL,'2026-04-23 21:51:21','2026-04-23 21:51:21'),(356,4,'7-5',7,5,'ENABLED',NULL,'2026-04-23 21:51:21','2026-04-23 21:51:21'),(357,4,'8-3',8,3,'ENABLED',NULL,'2026-04-23 21:51:21','2026-04-23 21:51:21'),(358,4,'8-4',8,4,'ENABLED',NULL,'2026-04-23 21:51:21','2026-04-23 21:51:21'),(359,4,'8-5',8,5,'ENABLED',NULL,'2026-04-23 21:51:21','2026-04-23 21:51:21'),(360,4,'9-3',9,3,'ENABLED',NULL,'2026-04-23 21:51:21','2026-04-23 21:51:21'),(361,4,'9-4',9,4,'ENABLED',NULL,'2026-04-23 21:51:21','2026-04-23 21:51:21'),(362,4,'9-5',9,5,'ENABLED',NULL,'2026-04-23 21:51:21','2026-04-23 21:51:21'),(363,4,'10-3',10,3,'ENABLED',NULL,'2026-04-23 21:51:21','2026-04-23 21:51:21'),(364,4,'10-4',10,4,'ENABLED',NULL,'2026-04-23 21:51:21','2026-04-23 21:51:21'),(365,4,'10-5',10,5,'ENABLED',NULL,'2026-04-23 21:51:21','2026-04-23 21:51:21'),(366,4,'11-1',11,1,'ENABLED',NULL,'2026-04-23 21:51:21','2026-04-23 21:51:21'),(367,4,'11-3',11,3,'ENABLED',NULL,'2026-04-23 21:51:21','2026-04-23 21:51:21'),(368,4,'11-4',11,4,'ENABLED',NULL,'2026-04-23 21:51:21','2026-04-23 21:51:21'),(369,4,'11-5',11,5,'ENABLED',NULL,'2026-04-23 21:51:21','2026-04-23 21:51:21'),(370,4,'1-3',1,3,'ENABLED',NULL,'2026-04-23 21:51:25','2026-04-23 21:51:25');
/*!40000 ALTER TABLE `seat` ENABLE KEYS */;
UNLOCK TABLES;

--
-- Table structure for table `system_config`
--

DROP TABLE IF EXISTS `system_config`;
/*!40101 SET @saved_cs_client     = @@character_set_client */;
/*!40101 SET character_set_client = utf8 */;
CREATE TABLE `system_config` (
  `id` bigint(20) NOT NULL AUTO_INCREMENT,
  `config_key` varchar(64) CHARACTER SET utf8mb4 NOT NULL COMMENT '配置键',
  `config_value` varchar(255) CHARACTER SET utf8mb4 NOT NULL COMMENT '配置值',
  `value_type` varchar(20) CHARACTER SET utf8mb4 NOT NULL DEFAULT 'STRING' COMMENT 'STRING/INT/BOOLEAN/TIME',
  `category` varchar(32) CHARACTER SET utf8mb4 NOT NULL DEFAULT 'RESERVATION' COMMENT '分类',
  `config_name` varchar(64) CHARACTER SET utf8mb4 NOT NULL COMMENT '配置名称',
  `description` varchar(255) CHARACTER SET utf8mb4 DEFAULT NULL COMMENT '配置说明',
  `editable` tinyint(4) NOT NULL DEFAULT '1' COMMENT '是否允许后台修改',
  `create_time` datetime NOT NULL DEFAULT CURRENT_TIMESTAMP,
  `update_time` datetime NOT NULL DEFAULT CURRENT_TIMESTAMP ON UPDATE CURRENT_TIMESTAMP,
  PRIMARY KEY (`id`),
  UNIQUE KEY `uk_system_config_key` (`config_key`)
) ENGINE=InnoDB AUTO_INCREMENT=25 DEFAULT CHARSET=utf8mb4 COLLATE=utf8mb4_unicode_ci;
/*!40101 SET character_set_client = @saved_cs_client */;

--
-- Dumping data for table `system_config`
--

LOCK TABLES `system_config` WRITE;
/*!40000 ALTER TABLE `system_config` DISABLE KEYS */;
INSERT INTO `system_config` VALUES (1,'reservation.level_a_max_single_minutes','360','INT','RESERVATION','A级单次预约上限','单位：分钟',1,'2026-04-25 19:42:05','2026-04-25 19:42:05'),(2,'reservation.level_b_max_single_minutes','180','INT','RESERVATION','B级单次预约上限','单位：分钟',1,'2026-04-25 19:42:05','2026-04-25 19:42:05'),(3,'reservation.level_c_max_single_minutes','120','INT','RESERVATION','C级单次预约上限','单位：分钟',1,'2026-04-25 19:42:05','2026-04-25 19:42:05'),(4,'reservation.level_a_daily_max_minutes','720','INT','RESERVATION','A级单日预约上限','单位：分钟',1,'2026-04-25 19:42:05','2026-04-25 19:42:05'),(5,'reservation.level_b_daily_max_minutes','540','INT','RESERVATION','B级单日预约上限','单位：分钟',1,'2026-04-25 19:42:05','2026-04-25 19:42:05'),(6,'reservation.level_c_daily_max_minutes','480','INT','RESERVATION','C级单日预约上限','单位：分钟',1,'2026-04-25 19:42:05','2026-04-25 19:42:05'),(7,'attendance.check_in_early_minutes','10','INT','ATTENDANCE','签到提前窗口','开始前多少分钟允许签到',1,'2026-04-25 19:42:05','2026-04-25 20:34:43'),(8,'attendance.check_in_grace_minutes','15','INT','ATTENDANCE','签到延迟窗口','开始后多少分钟内允许签到',1,'2026-04-25 19:42:05','2026-04-25 19:42:05'),(9,'credit.check_in_reward','0','INT','CREDIT','签到奖励分','签到成功增加的分数',1,'2026-04-25 19:42:05','2026-04-25 19:42:05'),(10,'credit.no_show_deduction','2','INT','CREDIT','爽约扣分','爽约扣除的分数',1,'2026-04-25 19:42:05','2026-04-25 19:42:05'),(11,'credit.cancel_deduction','1','INT','CREDIT','取消扣分','主动取消预约扣除的分数',1,'2026-04-25 19:42:05','2026-04-25 19:42:05'),(12,'credit.daily_recovery_score','1','INT','CREDIT','每日恢复分','每日自动恢复的分数',1,'2026-04-25 19:42:05','2026-04-25 19:42:05'),(13,'credit.success_streak_reward','1','INT','CREDIT','连续成功奖励分','连续成功预约后奖励的分数',1,'2026-04-25 19:42:05','2026-04-25 19:42:05'),(14,'credit.success_streak_size','3','INT','CREDIT','连续成功次数','达到该连续成功次数后恢复信用分',1,'2026-04-25 19:42:05','2026-04-25 19:42:05'),(15,'credit.min_score','30','INT','CREDIT','最低信用分','信用分不会低于该值',1,'2026-04-25 19:42:05','2026-04-25 19:42:05'),(16,'credit.max_score','100','INT','CREDIT','最高信用分','信用分不会高于该值',1,'2026-04-25 19:42:05','2026-04-25 19:42:05'),(17,'credit.level_a_min_score','80','INT','CREDIT','A级最低分','达到该分数视为A级',1,'2026-04-25 19:42:05','2026-04-25 19:42:05'),(18,'credit.level_b_min_score','50','INT','CREDIT','B级最低分','达到该分数视为B级',1,'2026-04-25 19:42:05','2026-04-25 19:42:05'),(19,'credit.level_a_advance_hours','24','INT','CREDIT','A级可提前预约时长','单位：小时',1,'2026-04-25 19:42:05','2026-04-25 19:42:05'),(20,'credit.level_b_advance_hours','12','INT','CREDIT','B级可提前预约时长','单位：小时',1,'2026-04-25 19:42:05','2026-04-25 19:42:05'),(21,'credit.level_c_advance_hours','6','INT','CREDIT','C级可提前预约时长','单位：小时',1,'2026-04-25 19:42:05','2026-04-25 19:42:05'),(22,'ui.reservation_start_time','07:00:00','TIME','UI','预约开始时间','前端可选开始时间',1,'2026-04-25 19:42:05','2026-04-25 19:42:05'),(23,'ui.reservation_end_time','22:30:00','TIME','UI','预约结束时间','前端可选结束时间',1,'2026-04-25 19:42:05','2026-04-25 19:42:05'),(24,'ui.reservation_step_minutes','30','INT','UI','时间步长','前端时间选择步长',1,'2026-04-25 19:42:05','2026-04-25 19:42:05');
/*!40000 ALTER TABLE `system_config` ENABLE KEYS */;
UNLOCK TABLES;

--
-- Table structure for table `user`
--

DROP TABLE IF EXISTS `user`;
/*!40101 SET @saved_cs_client     = @@character_set_client */;
/*!40101 SET character_set_client = utf8 */;
CREATE TABLE `user` (
  `id` bigint(20) NOT NULL AUTO_INCREMENT COMMENT '用户ID',
  `username` varchar(50) CHARACTER SET utf8mb4 NOT NULL COMMENT '用户名',
  `password` varchar(255) CHARACTER SET utf8mb4 NOT NULL COMMENT '密码',
  `nickname` varchar(50) CHARACTER SET utf8mb4 DEFAULT NULL,
  `email` varchar(100) CHARACTER SET utf8mb4 NOT NULL COMMENT '邮箱',
  `role` varchar(20) CHARACTER SET utf8mb4 NOT NULL COMMENT '角色：admin/teacher/student',
  `status` tinyint(4) NOT NULL DEFAULT '1' COMMENT '状态：1启用，0禁用',
  `create_time` datetime DEFAULT CURRENT_TIMESTAMP COMMENT '创建时间',
  `credit_score` int(11) NOT NULL DEFAULT '100' COMMENT '信誉分',
  PRIMARY KEY (`id`),
  UNIQUE KEY `username` (`username`),
  UNIQUE KEY `email` (`email`)
) ENGINE=InnoDB AUTO_INCREMENT=10020 DEFAULT CHARSET=utf8mb4 COLLATE=utf8mb4_unicode_ci COMMENT='用户表';
/*!40101 SET character_set_client = @saved_cs_client */;

--
-- Dumping data for table `user`
--

LOCK TABLES `user` WRITE;
/*!40000 ALTER TABLE `user` DISABLE KEYS */;
INSERT INTO `user` VALUES (10004,'233','$2a$10$Tw5hyDXaNSGBfXyU.GQl.uSlf4DdlqGsjq61D5gtMd5z2NYhDyll6','233','223@qq.com','TEACHER',1,'2026-03-16 21:47:47',100),(10006,'abc','$2a$10$xi0ykZzy/ji/IJzRxYDFkOBmQX0zhZ5NfSoNnSRQcuXuFAJumHIGm','abc','abc','STUDENT',1,'2026-04-04 22:56:44',100),(10007,'5','$2a$10$Xmzv64D.bwc7UevXRB2bsepZabKfLHymJGxKs45CeXDe1jUrtZbQy','5','5','STUDENT',1,'2026-04-06 20:43:36',100),(10008,'6','$2a$10$AxRKmcUl0E0/YDuLzgCXJeJsAJsckUo0ADv0JVUlNKLHdxZaod2za','6','6','STUDENT',1,'2026-04-06 20:43:40',100),(10009,'7','$2a$10$SyOCMmivNf4SiLARUWoqBeT9uREdY9AoF3WsRfGBtNeFEQD1WfjZ6','7','7','STUDENT',1,'2026-04-06 20:43:43',100),(10010,'8','$2a$10$L1AS2KhyKIFOdoI7OuhYBuLy.7fhxAWkfLv.uiCP8uaIUfVEcHJtS','8','8','STUDENT',1,'2026-04-06 20:43:46',100),(10011,'9','$2a$10$qMVA741SFXo2VIh/4/JksunfLyLG9fm2MK/80Mo7UBaZSjquV9gyG','9','9','STUDENT',1,'2026-04-06 20:43:49',100),(10012,'10','$2a$10$s2TxPzYeXM9OYz4ckLsDPeSch7McvecnNKDUv/Obtm1kiyLcL55c6','10','10','STUDENT',1,'2026-04-06 20:43:55',100),(10013,'11','$2a$10$5oTX5a7VdzTKZISL7U8A5eQ9bMTQs3ETSTAWTgo46buiFqDmotBYO','11','11','STUDENT',1,'2026-04-06 20:43:59',100),(10014,'12','$2a$10$LtK5ad1UiY0O/mLjrxW.jeKB9ko.zCir1SIckIdNmnCQvTo9l6Ry6','12','12','STUDENT',1,'2026-04-06 20:44:04',100),(10015,'13','$2a$10$ADg.Ft4KoLtESDVxryU/leUAekS9c21dZSJNBqUtkcJLJsdjqcBJa','13','13','STUDENT',1,'2026-04-06 20:44:08',100),(10016,'14','$2a$10$cbFfGY.AC52lcFiXFKQtyO5FaL3PUB0wIUaX1xSXAIOwPJauKMn6C','14','14','STUDENT',1,'2026-04-06 20:44:12',100),(10017,'admin','$2a$10$NffRwqGwRdsuxjY4XzirzeHL.ETWNiSW3jzkyZvcJCYfbT96T.jWK','admin','admin','ADMIN',1,'2026-04-10 04:59:03',100),(10018,'student01','$2a$10$dLO4JHXGz5Z.JV.iehP8desJ88BJVpGKe6Fu//lttegqSf5Kc/KJi','student01','student01@example.com','STUDENT',1,'2026-04-13 05:10:10',100),(10019,'123456789','$2a$10$vbo6RJJJLgVXqW/UcTh1Zu5QZMhsPbISNFwttWo7CAoq24EAGTZYC','123456789','2415155247@qq.com','STUDENT',1,'2026-04-25 20:01:25',100);
/*!40000 ALTER TABLE `user` ENABLE KEYS */;
UNLOCK TABLES;

--
-- Table structure for table `violation_record`
--

DROP TABLE IF EXISTS `violation_record`;
/*!40101 SET @saved_cs_client     = @@character_set_client */;
/*!40101 SET character_set_client = utf8 */;
CREATE TABLE `violation_record` (
  `id` bigint(20) NOT NULL AUTO_INCREMENT,
  `user_id` bigint(20) NOT NULL,
  `reservation_id` bigint(20) NOT NULL,
  `type` varchar(32) COLLATE utf8mb4_unicode_ci NOT NULL,
  `remark` varchar(255) COLLATE utf8mb4_unicode_ci DEFAULT NULL,
  `create_time` datetime NOT NULL DEFAULT CURRENT_TIMESTAMP,
  PRIMARY KEY (`id`),
  KEY `idx_violation_user_id` (`user_id`),
  KEY `idx_violation_reservation_id` (`reservation_id`)
) ENGINE=InnoDB AUTO_INCREMENT=4 DEFAULT CHARSET=utf8mb4 COLLATE=utf8mb4_unicode_ci;
/*!40101 SET character_set_client = @saved_cs_client */;

--
-- Dumping data for table `violation_record`
--

LOCK TABLES `violation_record` WRITE;
/*!40000 ALTER TABLE `violation_record` DISABLE KEYS */;
INSERT INTO `violation_record` VALUES (1,10007,92,'NO_SHOW','预约开始后15分钟内未完成签到，系统已自动取消本次预约并记为爽约。','2026-04-25 18:56:29'),(2,10007,95,'NO_SHOW','预约开始后15分钟内未完成签到，系统已自动取消本次预约并记为爽约。','2026-04-25 19:45:30'),(3,10007,97,'NO_SHOW','预约开始后15分钟内未完成签到，系统已自动取消本次预约并记为爽约。','2026-04-25 20:15:30');
/*!40000 ALTER TABLE `violation_record` ENABLE KEYS */;
UNLOCK TABLES;
/*!40103 SET TIME_ZONE=@OLD_TIME_ZONE */;

/*!40101 SET SQL_MODE=@OLD_SQL_MODE */;
/*!40014 SET FOREIGN_KEY_CHECKS=@OLD_FOREIGN_KEY_CHECKS */;
/*!40014 SET UNIQUE_CHECKS=@OLD_UNIQUE_CHECKS */;
/*!40101 SET CHARACTER_SET_CLIENT=@OLD_CHARACTER_SET_CLIENT */;
/*!40101 SET CHARACTER_SET_RESULTS=@OLD_CHARACTER_SET_RESULTS */;
/*!40101 SET COLLATION_CONNECTION=@OLD_COLLATION_CONNECTION */;
/*!40111 SET SQL_NOTES=@OLD_SQL_NOTES */;

-- Dump completed on 2026-04-25 23:31:11
